{
    "d_0": 200e-7,
    "a" : 3.14159,
    "sigma" : 0.3,
    "d_f" : 100e-7, 
    "K_b": 1.03557e-19,
    "T": 310, 
    "L": 0.0005,
    "eta": 5.2504e-6,
    "gamma": 1e-4,
    "a_1": -1.2167,
    "a_2": 1.5342,
    "a_3": -22.5083,
    "a_4": -5.617,
    "a_5": -0.3363,
    "a_6": -1.216,
    "a_7": 1.647,
    "b_1": 0.1167,
    "b_2": -0.0442,
    "b_3": 4.018,
    "b_4": -3.9788,
    "b_5": -1.9215,
    "b_6": 4.392,
    "b_7": 5.006  
}